{
  "unitTypeMarketRentYears": {
    "2 BR 1 BATH": [
      {
        "year": 0,
        "marketRent": 6405.0000000000,
        "actualRent": 6300.0000000000
      }
    ],
    "1 BR 1 BATH": [
      {
        "year": 0,
        "marketRent": 15967.1265204425,
        "actualRent": 30742.3138387152
      },
      {
        "year": 1,
        "marketRent": 28584.8723538312,
        "actualRent": 54378.4827557305
      },
      {
        "year": 2,
        "marketRent": 30796.8304977983,
        "actualRent": 59280.8100358796
      }
    ]
  }
}