{
  "unitTypeMarketRentYears": {
    "ALL UNITS": [
      {
        "year": 0,
        "marketRent": 22372.1265204425,
        "actualRent": 6300.0000000000
      },
      {
        "year": 1,
        "marketRent": 28584.8723538312,
        "actualRent": 54378.4827557305
      },
      {
        "year": 2,
        "marketRent": 30796.8304977983,
        "actualRent": 59280.8100358796
      }
    ]
  }
}